starting_condition, probability, yellow_lifeforce, blue_lifeforce, purple_lifeforce
YYYYYY, 0.0016887803, 221.77, 0.00, 0.00
YYYYBB, 0.0028498168, 2232.93, 73.92, 0.00
YYYYPP, 0.0015325681, 2232.93, 0.00, 73.92
YYYYYB, 0.007599511, 249.64, 2681.66, 0.00
YYYYYP, 0.0055729747, 249.64, 0.00, 2681.66
YYYYBP, 0.004179731, 147.85, 2681.66, 2400.66
YYBBBB, 0.0016030218, 4203.24, 147.85, 0.00
YYBBPP, 0.001724139, 4203.24, 1116.47, 73.92
YYBBYB, 0.008549449, 3948.72, 120.13, 0.00
YYBBYP, 0.0062695965, 3948.72, 73.92, 697.79
YYBBBP, 0.004702197, 4203.24, 120.13, 1076.92
YYPPPP, 0.0004636019, 4203.24, 0.00, 147.85
YYPPYB, 0.0045977044, 3948.72, 697.79, 73.92
YYPPYP, 0.00337165, 3948.72, 0.00, 120.13
YYPPBP, 0.0025287373, 4203.24, 1076.92, 120.13
YYYBYB, 0.011399266, 2906.75, 92.41, 0.00
YYYBYP, 0.016718924, 2906.75, 187.29, 46.20
YYYBBP, 0.012539191, 3948.72, 92.41, 622.88
YYYPYP, 0.0061302725, 2906.75, 0.00, 92.41
YYYPBP, 0.009195408, 3948.72, 622.88, 92.41
YYBPBP, 0.003448278, 4203.24, 1245.75, 92.41
BBBBBB, 0.00030056658, 0.00, 221.77, 0.00
BBBBPP, 0.0004849141, 0.00, 147.85, 4203.24
BBBBYB, 0.0024045324, 2681.66, 249.64, 0.00
BBBBYP, 0.001763324, 2681.66, 147.85, 2400.66
BBBBBP, 0.001322493, 0.00, 249.64, 2681.66
BBPPPP, 0.00026077605, 0.00, 4203.24, 147.85
BBPPYB, 0.0025862085, 2455.30, 120.13, 2871.80
BBPPYP, 0.001896553, 2455.30, 2871.80, 120.13
BBPPBP, 0.0014224147, 0.00, 3948.72, 120.13
BBYBYB, 0.006412087, 3827.11, 182.21, 0.00
BBYBYP, 0.009404394, 3827.11, 120.13, 1785.91
BBYBBP, 0.007053295, 2672.71, 389.81, 1379.62
BBYPYP, 0.0034482782, 3818.15, 1661.00, 92.41
BBYPBP, 0.0051724175, 2681.66, 120.13, 2931.36
BBBPBP, 0.0019396562, 0.00, 182.21, 3827.11
PPPPPP, 0.000046746525, 0.00, 0.00, 221.77
PPPPYB, 0.0006954028, 2681.66, 2400.66, 147.85
PPPPYP, 0.0005099621, 2681.66, 0.00, 249.64
PPPPBP, 0.00038247157, 0.00, 2681.66, 249.64
PPYBYB, 0.003448278, 3827.11, 1477.54, 73.92
PPYBYP, 0.0050574746, 3827.11, 1785.91, 120.13
PPYBBP, 0.003793106, 2681.66, 2931.36, 120.13
PPYPYP, 0.0018544076, 3827.11, 0.00, 182.21
PPYPBP, 0.0027816112, 2672.71, 1379.62, 389.81
PPBPBP, 0.0010431041, 0.00, 3827.11, 182.21
YBYBYB, 0.0056996327, 4138.87, 138.61, 0.00
YBYBYP, 0.012539193, 4138.87, 92.41, 1038.13
YBYBBP, 0.009404394, 3818.15, 138.61, 1379.62
YBYPYP, 0.009195409, 4138.87, 1038.13, 92.41
YBYPBP, 0.013793112, 3827.11, 1742.96, 92.41
YBBPBP, 0.0051724166, 2681.66, 2570.73, 92.41
YPYPYP, 0.0022477666, 4138.87, 0.00, 138.61
YPYPBP, 0.0050574746, 3818.15, 1379.62, 138.61
YPBPBP, 0.0037931055, 2455.30, 2759.24, 138.61
BPBPBP, 0.0009482764, 0.00, 4138.87, 138.61
YYYYYYYY, 0.0006384803, 295.70, 0.00, 0.00
YYYYYYBB, 0.0014365807, 221.77, 8019.83, 0.00
YYYYYYPP, 0.00077256124, 221.77, 0.00, 8019.83
YYYYYYYB, 0.0038308818, 334.15, 5012.40, 0.00
YYYYYYYP, 0.0028093134, 334.15, 0.00, 5012.40
YYYYYYBP, 0.002106985, 221.77, 5012.40, 3923.73
YYYYBBBB, 0.0012121149, 8406.48, 147.85, 0.00
YYYYBBPP, 0.001303697, 8406.48, 1116.47, 73.92
YYYYBBYB, 0.0064646136, 6820.52, 120.13, 0.00
YYYYBBYP, 0.0047407164, 6820.52, 73.92, 697.79
YYYYBBBP, 0.0035555372, 8406.48, 120.13, 1076.92
YYYYPPPP, 0.00035054967, 8406.48, 0.00, 147.85
YYYYPPYB, 0.0034765252, 6820.52, 697.79, 73.92
YYYYPPYP, 0.002549452, 6820.52, 0.00, 120.13
YYYYPPBP, 0.0019120891, 8406.48, 1076.92, 120.13
YYYYYBYB, 0.008619484, 4567.76, 92.41, 0.00
YYYYYBYP, 0.01264191, 4567.76, 187.29, 46.20
YYYYYBBP, 0.009481432, 6820.52, 92.41, 622.88
YYYYYPYP, 0.0046353675, 4567.76, 0.00, 92.41
YYYYYPBP, 0.0069530504, 6820.52, 622.88, 92.41
YYYYBPBP, 0.0026073938, 8406.48, 1245.75, 92.41
YYBBBBBB, 0.00045454307, 8019.83, 221.77, 0.00
YYBBBBPP, 0.00073332945, 8019.83, 147.85, 4203.24
YYBBBBYB, 0.0036363443, 9002.76, 194.05, 0.00
YYBBBBYP, 0.0026666527, 9002.76, 147.85, 2627.02
YYBBBBBP, 0.0019999896, 8019.83, 249.64, 2681.66
YYBBPPPP, 0.00039436837, 8019.83, 4203.24, 147.85
YYBBPPYB, 0.0039110905, 9002.76, 120.13, 2871.80
YYBBPPYP, 0.0028681331, 9002.76, 2871.80, 120.13
YYBBPPBP, 0.0021511, 8019.83, 3948.72, 120.13
YYBBYBYB, 0.0096969195, 8909.02, 166.33, 0.00
YYBBYBYP, 0.014222148, 8909.02, 120.13, 1794.87
YYBBYBBP, 0.010666611, 9002.76, 206.03, 1931.47
YYBBYPYP, 0.005214788, 8909.02, 1661.00, 92.41
YYBBYPBP, 0.007822181, 9002.76, 120.13, 2871.80
YYBBBPBP, 0.0029333178, 8019.83, 182.21, 3827.11
YYPPPPPP, 0.00007069419, 8019.83, 0.00, 221.77
YYPPPPYB, 0.001051649, 9002.76, 2627.02, 147.85
YYPPPPYP, 0.0007712093, 9002.76, 0.00, 194.05
YYPPPPBP, 0.00057840697, 8019.83, 2681.66, 249.64
YYPPYBYB, 0.005214788, 8909.02, 92.41, 1661.00
YYPPYBYP, 0.0076483563, 8909.02, 1794.87, 120.13
YYPPYBBP, 0.0057362667, 9002.76, 2871.80, 120.13
YYPPYPYP, 0.0028043974, 8909.02, 0.00, 166.33
YYPPYPBP, 0.004206596, 9002.76, 1931.47, 206.03
YYPPBPBP, 0.0015774732, 8019.83, 3827.11, 182.21
YYYBYBYB, 0.008619484, 7817.86, 138.61, 0.00
YYYBYBYP, 0.018962864, 7817.86, 92.41, 1038.13
YYYBYBBP, 0.014222148, 8909.02, 138.61, 1379.62
YYYBYPYP, 0.013906101, 7817.86, 1038.13, 92.41
YYYBYPBP, 0.020859152, 8909.02, 1661.00, 92.41
YYYBBPBP, 0.00782218, 9002.76, 138.61, 2759.24
YYYPYPYP, 0.0033992694, 7817.86, 0.00, 138.61
YYYPYPBP, 0.0076483563, 8909.02, 1379.62, 138.61
YYYPBPBP, 0.0057362663, 9002.76, 2759.24, 138.61
YYBPBPBP, 0.0014340666, 8019.83, 4138.87, 138.61
BBBBBBBB, 0.00006392012, 0.00, 295.70, 0.00
BBBBBBPP, 0.00013749929, 0.00, 221.77, 8019.83
BBBBBBYB, 0.0006818146, 5012.40, 334.15, 0.00
BBBBBBYP, 0.0004999974, 5012.40, 221.77, 3923.73
BBBBBBBP, 0.00037499802, 0.00, 334.15, 5012.40
BBBBPPPP, 0.000110916095, 0.00, 8406.48, 147.85
BBBBPPYB, 0.0010999943, 4954.42, 1059.86, 4526.12
BBBBPPYP, 0.0008066625, 5012.40, 147.85, 6658.54
BBBBPPBP, 0.0006049968, 0.00, 194.05, 9002.76
BBBBYBYB, 0.0027272583, 7164.10, 281.02, 0.00
BBBBYBYP, 0.0039999792, 7164.10, 401.66, 3421.20
BBBBYBBP, 0.0029999842, 5012.40, 839.84, 2681.66
BBBBYPYP, 0.0014666591, 7164.10, 147.85, 5060.29
BBBBYPBP, 0.0021999886, 5012.40, 217.87, 5906.03
BBBBBPBP, 0.00082499563, 0.00, 507.68, 6938.11
BBPPPPPP, 0.000039765477, 0.00, 8019.83, 221.77
BBPPPPYB, 0.0005915525, 5012.40, 6658.54, 147.85
BBPPPPYP, 0.00043380517, 4954.42, 4526.12, 1059.86
BBPPPPBP, 0.00032535387, 0.00, 9002.76, 194.05
BBPPYBYB, 0.0029333178, 6979.74, 413.70, 4526.12
BBPPYBYP, 0.0043022, 7158.30, 4753.46, 120.13
BBPPYBBP, 0.0032266495, 5012.40, 5857.80, 120.13
BBPPYPYP, 0.0015774735, 6979.74, 4526.12, 413.70
BBPPYPBP, 0.0023662099, 4954.42, 4271.60, 1531.43
BBPPBPBP, 0.0008873287, 0.00, 8909.02, 166.33
BBYBYBYB, 0.0048484593, 8516.32, 223.12, 0.00
BBYBYBYP, 0.010666611, 8516.32, 166.33, 3123.82
BBYBYBBP, 0.0079999585, 7037.71, 466.11, 2681.66
BBYBYPYP, 0.007822182, 8516.32, 120.13, 3608.02
BBYBYPBP, 0.011733271, 7164.10, 166.33, 4820.86
BBYBBPBP, 0.0043999767, 5012.40, 1044.84, 3827.11
BBYPYPYP, 0.001912089, 8458.34, 3678.99, 138.61
BBYPYPBP, 0.0043022, 6979.74, 4271.60, 585.70
BBYPBPBP, 0.00322665, 5012.40, 166.33, 6637.60
BBBPBPBP, 0.0008066624, 0.00, 7817.86, 138.61
PPPPPPPP, 0.000005346248, 0.00, 0.00, 295.70
PPPPPPYB, 0.000106041276, 5012.40, 3923.73, 221.77
PPPPPPYP, 0.00007776361, 5012.40, 0.00, 334.15
PPPPPPBP, 0.0000583227, 0.00, 5012.40, 334.15
PPPPYBYB, 0.00078873674, 7164.10, 5060.29, 147.85
PPPPYBYP, 0.0011568139, 7164.10, 3421.20, 401.66
PPPPYBBP, 0.00086761033, 5012.40, 5906.03, 217.87
PPPPYPYP, 0.0004241651, 7164.10, 0.00, 281.02
PPPPYPBP, 0.0006362477, 5012.40, 2681.66, 839.84
PPPPBPBP, 0.00023859285, 0.00, 7152.49, 300.07
PPYBYBYB, 0.0026073938, 8458.34, 138.61, 3678.99
PPYBYBYP, 0.0057362663, 8516.32, 3608.02, 120.13
PPYBYBBP, 0.0043022, 7158.30, 4753.46, 120.13
PPYBYPYP, 0.004206596, 8516.32, 3123.82, 166.33
PPYBYPBP, 0.006309893, 7164.10, 4820.86, 166.33
PPYBBPBP, 0.0023662099, 5012.40, 6637.60, 166.33
PPYPYPYP, 0.001028279, 8516.32, 0.00, 223.12
PPYPYPBP, 0.0023136279, 7037.71, 2681.66, 466.11
PPYPBPBP, 0.0017352207, 5012.40, 3827.11, 1044.84
PPBPBPBP, 0.00043380517, 0.00, 8504.71, 242.18
YBYBYBYB, 0.003232306, 9050.57, 189.05, 0.00
YBYBYBYP, 0.009481432, 9050.57, 138.61, 2296.98
YBYBYBBP, 0.0071110735, 8516.32, 299.99, 2152.21
YBYBYPYP, 0.010429576, 9050.57, 2098.11, 92.41
YBYBYPBP, 0.015644362, 8516.32, 138.61, 3673.02
YBYBBPBP, 0.0058666356, 6938.11, 4071.33, 92.41
YBYPYPYP, 0.005098904, 9050.57, 2296.98, 138.61
YBYPYPBP, 0.011472533, 8516.32, 3673.02, 138.61
YBYPBPBP, 0.0086044, 7164.10, 5035.62, 138.61
YBBPBPBP, 0.0021510997, 5012.40, 6400.91, 138.61
YPYPYPYP, 0.0009347991, 9050.57, 0.00, 189.05
YPYPYPBP, 0.0028043971, 8516.32, 2152.21, 299.99
YPYPBPBP, 0.0031549465, 7037.71, 3827.11, 507.66
YPBPBPBP, 0.0015774732, 5012.40, 138.61, 6400.91
BPBPBPBP, 0.0002957762, 0.00, 9050.57, 189.05
YYYYYYYYYY, 0.000060347862, 369.62, 0.00, 0.00
YYYYYYYYBB, 0.00016972836, 295.70, 11891.21, 0.00
YYYYYYYYPP, 0.000091276146, 295.70, 0.00, 11891.21
YYYYYYYYYB, 0.00045260895, 408.07, 7432.01, 0.00
YYYYYYYYYP, 0.00033191324, 408.07, 0.00, 7432.01
YYYYYYYYBP, 0.00024893493, 295.70, 7432.01, 5324.75
YYYYYYBBBB, 0.0001909444, 12609.72, 147.85, 0.00
YYYYYYBBPP, 0.00020537133, 12609.72, 1116.47, 73.92
YYYYYYBBYB, 0.00101837, 9692.31, 120.13, 0.00
YYYYYYBBYP, 0.0007468048, 9692.31, 73.92, 697.79
YYYYYYBBBP, 0.00056010357, 12609.72, 120.13, 1076.92
YYYYYYPPPP, 0.000055222074, 12609.72, 0.00, 147.85
YYYYYYPPYB, 0.0005476569, 9692.31, 697.79, 73.92
YYYYYYPPYP, 0.00040161508, 9692.31, 0.00, 120.13
YYYYYYPPBP, 0.0003012113, 12609.72, 1076.92, 120.13
YYYYYYYBYB, 0.0013578269, 1467.53, 10024.79, 0.00
YYYYYYYBYP, 0.0019914794, 1467.53, 6539.54, 5012.40
YYYYYYYBBP, 0.0014936095, 9692.31, 92.41, 622.88
YYYYYYYPYP, 0.0007302092, 6228.76, 0.00, 92.41
YYYYYYYPBP, 0.0010953136, 9692.31, 622.88, 92.41
YYYYYYBPBP, 0.00041074262, 12609.72, 1245.75, 92.41
YYYYBBBBBB, 0.000107406224, 16039.67, 221.77, 0.00
YYYYBBBBPP, 0.00017328204, 16039.67, 147.85, 4203.24
YYYYBBBBYB, 0.00085924973, 15550.22, 194.05, 0.00
YYYYBBBBYP, 0.0006301165, 15550.22, 147.85, 2627.02
YYYYBBBBBP, 0.00047258736, 16039.67, 249.64, 2681.66
YYYYBBPPPP, 0.00009318725, 16039.67, 4203.24, 147.85
YYYYBBPPYB, 0.00092417095, 15550.22, 120.13, 2871.80
YYYYBBPPYP, 0.00067772536, 15550.22, 2871.80, 120.13
YYYYBBPPBP, 0.000508294, 16039.67, 3948.72, 120.13
YYYYBBYBYB, 0.0022913327, 13999.89, 166.33, 0.00
YYYYBBYBYP, 0.0033606216, 13999.89, 120.13, 1794.87
YYYYBBYBBP, 0.0025204662, 15550.22, 206.03, 1931.47
YYYYBBYPYP, 0.001232228, 13999.89, 1661.00, 92.41
YYYYBBYPBP, 0.0018483419, 15550.22, 120.13, 2871.80
YYYYBBBPBP, 0.00069312815, 16039.67, 182.21, 3827.11
YYYYPPPPPP, 0.000016704678, 16039.67, 0.00, 221.77
YYYYPPPPYB, 0.0002484993, 15550.22, 2627.02, 147.85
YYYYPPPPYP, 0.00018223285, 15550.22, 0.00, 194.05
YYYYPPPPBP, 0.00013667463, 16039.67, 2681.66, 249.64
YYYYPPYBYB, 0.001232228, 13999.89, 92.41, 1661.00
YYYYPPYBYP, 0.0018072677, 13999.89, 1794.87, 120.13
YYYYPPYBBP, 0.0013554506, 15550.22, 2871.80, 120.13
YYYYPPYPYP, 0.0006626649, 13999.89, 0.00, 166.33
YYYYPPYPBP, 0.0009939972, 15550.22, 1931.47, 206.03
YYYYPPBPBP, 0.00037274894, 16039.67, 3827.11, 182.21
YYYYYBYBYB, 0.00203674, 11496.85, 138.61, 0.00
YYYYYBYBYP, 0.004480829, 11496.85, 92.41, 1038.13
YYYYYBYBBP, 0.0033606214, 13999.89, 138.61, 1379.62
YYYYYBYPYP, 0.0032859414, 11496.85, 1038.13, 92.41
YYYYYBYPBP, 0.004928912, 13999.89, 1661.00, 92.41
YYYYYBBPBP, 0.0018483417, 15550.22, 138.61, 2759.24
YYYYYPYPYP, 0.0008032301, 11496.85, 0.00, 138.61
YYYYYPYPBP, 0.0018072677, 13999.89, 1379.62, 138.61
YYYYYPBPBP, 0.0013554506, 15550.22, 2759.24, 138.61
YYYYBPBPBP, 0.00033886265, 16039.67, 4138.87, 138.61
YYBBBBBBBB, 0.000030207997, 11891.21, 295.70, 0.00
YYBBBBBBPP, 0.00006498077, 11891.21, 221.77, 8019.83
YYBBBBBBYB, 0.00032221866, 14674.77, 310.86, 0.00
YYBBBBBBYP, 0.0002362937, 14581.89, 221.77, 4612.15
YYBBBBBBBP, 0.00017722027, 11891.21, 334.15, 5012.40
YYBBBBPPPP, 0.000052417818, 11891.21, 8406.48, 147.85
YYBBBBPPYB, 0.0005198461, 14612.85, 565.11, 5655.62
YYBBBBPPYP, 0.00038122048, 14643.81, 147.85, 6694.44
YYBBBBPPBP, 0.00028591533, 11891.21, 194.05, 9002.76
YYBBBBYBYB, 0.0012888745, 15783.43, 249.78, 0.00
YYBBBBYBYP, 0.0018903494, 15752.47, 194.05, 4092.16
YYBBBBYBBP, 0.001417762, 14612.85, 514.03, 3534.76
YYBBBBYPYP, 0.00069312815, 15752.47, 147.85, 5254.05
YYBBBBYPBP, 0.0010396922, 14581.89, 217.87, 6273.31
YYBBBBBPBP, 0.00038988452, 11891.21, 507.68, 6938.11
YYBBPPPPPP, 0.00001879276, 11891.21, 8019.83, 221.77
YYBBPPPPYB, 0.0002795617, 14643.81, 6694.44, 147.85
YYBBPPPPYP, 0.00020501194, 14386.99, 6547.46, 194.05
YYBBPPPPBP, 0.00015375894, 11891.21, 9002.76, 194.05
YYBBPPYBYB, 0.0013862562, 15752.47, 166.33, 5090.87
YYBBPPYBYP, 0.002033176, 15783.43, 4661.29, 120.13
YYBBPPYBBP, 0.0015248819, 14674.77, 5773.96, 120.13
YYBBPPYPYP, 0.00074549793, 15752.47, 5090.87, 166.33
YYBBPPYPBP, 0.0011182467, 14386.99, 6999.94, 166.33
YYBBPPBPBP, 0.00041934248, 11891.21, 8909.02, 166.33
YYBBYBYBYB, 0.0022913325, 15976.87, 212.53, 0.00
YYBBYBYBYP, 0.005040932, 15976.87, 166.33, 3181.79
YYBBYBYBBP, 0.0037806989, 15752.47, 278.70, 3181.79
YYBBYBYPYP, 0.0036966833, 15976.87, 120.13, 3589.74
YYBBYBYPBP, 0.0055450248, 15752.47, 166.33, 5090.87
YYBBYBBPBP, 0.0020793844, 14581.89, 527.02, 5114.95
YYBBYPYPYP, 0.0009036338, 15976.87, 3678.99, 138.61
YYBBYPYPBP, 0.002033176, 15752.47, 5058.61, 138.61
YYBBYPBPBP, 0.0015248819, 14612.85, 166.33, 6869.50
YYBBBPBPBP, 0.00038122045, 11891.21, 7817.86, 138.61
YYPPPPPPPP, 0.0000025265826, 11891.21, 0.00, 295.70
YYPPPPPPYB, 0.00005011403, 14386.99, 5012.40, 221.77
YYPPPPPPYP, 0.00003675029, 14674.77, 0.00, 310.86
YYPPPPPPBP, 0.000027562717, 11891.21, 5012.40, 334.15
YYPPPPYBYB, 0.00037274897, 15752.47, 5254.05, 147.85
YYPPPPYBYP, 0.0005466985, 15752.47, 4092.16, 194.05
YYPPPPYBBP, 0.00041002387, 14581.89, 6273.31, 217.87
YYPPPPYPYP, 0.00020045614, 15783.43, 0.00, 249.78
YYPPPPYPBP, 0.0003006842, 14612.85, 3534.76, 514.03
YYPPPPBPBP, 0.000112756556, 11891.21, 7152.49, 300.07
YYPPYBYBYB, 0.0012322278, 15976.87, 138.61, 3678.99
YYPPYBYBYP, 0.0027109014, 15976.87, 3589.74, 120.13
YYPPYBYBBP, 0.002033176, 15783.43, 4661.29, 120.13
YYPPYBYPYP, 0.0019879946, 15976.87, 3181.79, 166.33
YYPPYBYPBP, 0.0029819917, 15752.47, 5090.87, 166.33
YYPPYBBPBP, 0.0011182468, 14612.85, 6869.50, 166.33
YYPPYPYPYP, 0.00048595422, 15976.87, 0.00, 212.53
YYPPYPYPBP, 0.001093397, 15752.47, 3181.79, 278.70
YYPPYPBPBP, 0.00082004763, 14386.99, 5769.32, 262.82
YYPPBPBPBP, 0.00020501192, 11891.21, 8504.71, 242.18
YYYBYBYBYB, 0.001527555, 15080.30, 184.81, 0.00
YYYBYBYBYP, 0.0044808285, 15080.30, 138.61, 2299.37
YYYBYBYBBP, 0.0033606214, 15976.87, 250.98, 2299.37
YYYBYBYPYP, 0.004928912, 15080.30, 2076.25, 92.41
YYYBYBYPBP, 0.0073933667, 15976.87, 138.61, 3678.99
YYYBYBBPBP, 0.0027725124, 15752.47, 211.28, 4539.02
YYYBYPYPYP, 0.00240969, 15080.30, 2299.37, 138.61
YYYBYPYPBP, 0.0054218024, 15976.87, 3678.99, 138.61
YYYBYPBPBP, 0.0040663513, 15783.43, 5053.24, 138.61
YYYBBPBPBP, 0.001016588, 14674.77, 6414.05, 138.61
YYYPYPYPYP, 0.00044177653, 15080.30, 0.00, 184.81
YYYPYPYPBP, 0.0013253296, 15976.87, 2299.37, 250.98
YYYPYPBPBP, 0.0014909958, 15752.47, 4539.02, 211.28
YYYPBPBPBP, 0.0007454978, 14386.99, 6792.11, 195.40
YYBPBPBPBP, 0.00013978084, 11891.21, 9050.57, 189.05
BBBBBBBBBB, 0.0000033983997, 0.00, 369.62, 0.00
BBBBBBBBPP, 0.00000913792, 0.00, 295.70, 11891.21
BBBBBBBBYB, 0.000045311994, 7432.01, 408.07, 0.00
BBBBBBBBYP, 0.000033228796, 7432.01, 295.70, 5324.75
BBBBBBBBBP, 0.0000249216, 0.00, 408.07, 7432.01
BBBBBBPPPP, 0.000009828342, 0.00, 221.77, 16039.67
BBBBBBPPYB, 0.000097471144, 7432.01, 1298.70, 8019.83
BBBBBBPPYP, 0.00007147885, 7432.01, 221.77, 11943.56
BBBBBBPPBP, 0.00005360913, 0.00, 310.86, 14674.77
BBBBBBYBYB, 0.00024166398, 11185.07, 751.49, 0.00
BBBBBBYBYP, 0.00035444053, 11163.31, 697.48, 4974.17
BBBBBBYBBP, 0.00026583037, 7432.01, 957.02, 5012.40
BBBBBBYPYP, 0.00012996154, 11163.31, 221.77, 8718.79
BBBBBBYPBP, 0.00019494229, 7432.01, 329.91, 9492.99
BBBBBBBPBP, 0.00007310335, 0.00, 920.12, 11012.01
BBBBPPPPPP, 0.000005285464, 0.00, 16039.67, 221.77
BBBBPPPPYB, 0.000078626734, 7432.01, 10861.78, 147.85
BBBBPPPPYP, 0.000057659603, 7432.01, 8406.48, 2603.15
BBBBPPPPBP, 0.0000432447, 0.00, 15550.22, 194.05
BBBBPPYBYB, 0.00038988458, 11136.86, 1842.66, 5881.52
BBBBPPYBYP, 0.0005718307, 11170.56, 876.11, 8909.71
BBBBPPYBBP, 0.00042887303, 7432.01, 1913.92, 8854.47
BBBBPPYPYP, 0.00020967129, 11183.52, 147.85, 9667.04
BBBBPPYPBP, 0.0003145069, 7432.01, 194.05, 12378.29
BBBBPPBPBP, 0.00011794008, 0.00, 249.78, 15783.43
BBBBYBYBYB, 0.00064443727, 13521.68, 426.78, 0.00
BBBBYBYBYP, 0.001417762, 13519.91, 558.58, 4620.10
BBBBYBYBBP, 0.0010633215, 11136.86, 1353.97, 3675.95
BBBBYBYPYP, 0.0010396922, 13519.91, 194.05, 7572.77
BBBBYBYPBP, 0.0015595382, 11170.56, 781.26, 7418.70
BBBBYBBPBP, 0.0005848268, 7432.01, 1664.51, 6938.11
BBBBYPYPYP, 0.000254147, 13524.07, 147.85, 7746.00
BBBBYPYPBP, 0.0005718307, 11177.82, 194.05, 9957.04
BBBBYPBPBP, 0.00042887303, 7432.01, 276.78, 11251.49
BBBBBPBPBP, 0.00010721826, 0.00, 667.14, 13284.82
BBPPPPPPPP, 0.0000014212027, 0.00, 11891.21, 295.70
BBPPPPPPYB, 0.00002818914, 7432.01, 11943.56, 221.77
BBPPPPPPYP, 0.000020672036, 7432.01, 8019.83, 1298.70
BBPPPPPPBP, 0.000015504027, 0.00, 14674.77, 310.86
BBPPPPYBYB, 0.00020967127, 11126.35, 9784.53, 147.85
BBPPPPYBYP, 0.00030751788, 11000.29, 9924.43, 194.05
BBPPPPYBBP, 0.00023063841, 7432.01, 12378.29, 194.05
BBPPPPYPYP, 0.00011275657, 11136.86, 5881.52, 1842.66
BBPPPPYPBP, 0.00016913483, 7432.01, 9002.76, 1770.27
BBPPPPBPBP, 0.000063425556, 0.00, 15783.43, 249.78
BBPPYBYBYB, 0.0006931281, 13366.37, 674.30, 6416.63
BBPPYBYBYP, 0.0015248819, 13519.91, 166.33, 7968.58
BBPPYBYBBP, 0.0011436613, 11069.18, 8513.31, 120.13
BBPPYBYPYP, 0.0011182468, 13519.91, 7968.58, 166.33
BBPPYBYPBP, 0.0016773702, 11000.29, 9820.82, 166.33
BBPPYBBPBP, 0.00062901375, 7432.01, 11728.47, 166.33
BBPPYPYPYP, 0.00027334923, 13366.37, 6416.63, 674.30
BBPPYPYPBP, 0.00061503577, 10824.13, 7776.48, 1375.34
BBPPYPBPBP, 0.00046127677, 7432.01, 8909.02, 2270.00
BBPPBPBPBP, 0.0001153192, 0.00, 15976.87, 212.53
BBYBYBYBYB, 0.00085924973, 15138.87, 291.56, 0.00
BBYBYBYBYP, 0.002520466, 15147.10, 267.89, 4397.14
BBYBYBYBBP, 0.0018903494, 13449.76, 707.82, 3675.95
BBYBYBYPYP, 0.0027725126, 15147.10, 166.33, 6240.34
BBYBYBYPBP, 0.004158769, 13519.91, 252.24, 6868.91
BBYBYBBPBP, 0.0015595381, 11012.01, 6470.09, 92.41
BBYBYPYPYP, 0.0013554506, 15147.10, 5969.52, 138.61
BBYBYPYPBP, 0.003049764, 13519.91, 7332.12, 138.61
BBYBYPBPBP, 0.0022873227, 11000.29, 8701.71, 138.61
BBYBBPBPBP, 0.00057183066, 7432.01, 10079.90, 138.61
BBYPYPYPYP, 0.0002484993, 15045.99, 5881.52, 250.78
BBYPYPYPBP, 0.0007454979, 13081.44, 7776.48, 429.61
BBYPYPBPBP, 0.0008386851, 11185.07, 166.33, 10123.77
BBYPBPBPBP, 0.00041934254, 7432.01, 218.89, 12224.65
BBBPBPBPBP, 0.00007862672, 0.00, 15080.30, 184.81
PPPPPPPPPP, 0.00000015285825, 0.00, 0.00, 369.62
PPPPPPPPYB, 0.0000037898737, 7432.01, 5324.75, 295.70
PPPPPPPPYP, 0.000002779241, 7432.01, 0.00, 408.07
PPPPPPPPBP, 0.0000020844304, 0.00, 7432.01, 408.07
PPPPPPYBYB, 0.00003758552, 11163.31, 8718.79, 221.77
PPPPPPYBYP, 0.000055125434, 11163.31, 4974.17, 697.48
PPPPPPYBBP, 0.000041344072, 7432.01, 9492.99, 329.91
PPPPPPYPYP, 0.000020212661, 11185.07, 0.00, 751.49
PPPPPPYPBP, 0.00003031899, 7432.01, 5012.40, 957.02
PPPPPPBPBP, 0.00001136962, 0.00, 11183.52, 754.03
PPPPYBYBYB, 0.00018637447, 13524.07, 7746.00, 147.85
PPPPYBYBYP, 0.00041002387, 13519.91, 7572.77, 194.05
PPPPYBYBBP, 0.00030751788, 11177.82, 9957.04, 194.05
PPPPYBYPYP, 0.0003006842, 13452.51, 4758.58, 558.58
PPPPYBYPBP, 0.00045102622, 11170.56, 7720.10, 503.44
PPPPYBBPBP, 0.00016913483, 7432.01, 11251.49, 276.78
PPPPYPYPYP, 0.00007350058, 13527.17, 0.00, 415.34
PPPPYPYPBP, 0.0001653763, 11136.86, 3675.95, 1353.97
PPPPYPBPBP, 0.00012403222, 7432.01, 6938.11, 1664.51
PPPPBPBPBP, 0.000031008054, 0.00, 13518.58, 431.86
PPYBYBYBYB, 0.00046208542, 15045.99, 250.78, 5881.52
PPYBYBYBYP, 0.0013554506, 15142.46, 5424.82, 120.13
PPYBYBYBBP, 0.001016588, 13464.16, 6805.20, 120.13
PPYBYBYPYP, 0.0014909959, 15147.10, 6240.34, 166.33
PPYBYBYPBP, 0.0022364934, 13527.17, 8018.45, 166.33
PPYBYBBPBP, 0.00083868497, 11185.07, 10123.77, 166.33
PPYBYPYPYP, 0.0007289313, 15079.69, 4535.61, 267.89
PPYBYPYPBP, 0.0016400955, 13519.91, 6868.91, 252.24
PPYBYPBPBP, 0.0012300714, 11163.31, 8904.14, 516.43
PPYBBPBPBP, 0.00030751782, 7432.01, 12224.65, 218.89
PPYPYPYPYP, 0.00013363741, 15147.10, 0.00, 274.41
PPYPYPYPBP, 0.00040091222, 13366.37, 4010.39, 583.26
PPYPYPBPBP, 0.00045102622, 10966.59, 5910.51, 1211.74
PPYPBPBPBP, 0.0002255131, 7432.01, 8504.71, 1633.21
PPBPBPBPBP, 0.000042283704, 0.00, 15134.22, 299.18
YBYBYBYBYB, 0.0004582665, 15970.07, 232.71, 0.00
YBYBYBYBYP, 0.0016803106, 15970.07, 184.81, 3755.25
YBYBYBYBBP, 0.0012602329, 15045.99, 334.09, 3675.95
YBYBYBYPYP, 0.0024644556, 15970.07, 138.61, 4597.78
YBYBYBYPBP, 0.0036966833, 15147.10, 184.81, 5895.01
YBYBYBBPBP, 0.0013862562, 13366.37, 704.48, 5559.58
YBYBYPYPYP, 0.0018072675, 15970.07, 4597.78, 138.61
YBYBYPYPBP, 0.004066352, 15147.10, 5969.52, 138.61
YBYBYPBPBP, 0.0030497639, 13527.17, 7460.53, 138.61
YBYBBPBPBP, 0.0007624409, 11185.07, 9279.52, 138.61
YBYPYPYPYP, 0.0006626648, 15970.07, 3755.25, 184.81
YBYPYPYPBP, 0.0019879944, 15147.10, 5895.01, 184.81
YBYPYPBPBP, 0.0022364936, 13519.91, 7893.02, 184.81
YBYPBPBPBP, 0.0011182467, 11000.29, 9999.42, 184.81
YBBPBPBPBP, 0.00020967124, 7432.01, 12239.23, 184.81
YPYPYPYPYP, 0.000097190845, 15970.07, 0.00, 232.71
YPYPYPYPBP, 0.00036446564, 15045.99, 3675.95, 334.09
YPYPYPBPBP, 0.00054669846, 13366.37, 5559.58, 704.48
YPYPBPBPBP, 0.00041002384, 11185.07, 138.61, 9279.52
YPBPBPBPBP, 0.00015375891, 7432.01, 184.81, 12239.23
BPBPBPBPBP, 0.000023063838, 0.00, 15963.87, 242.87
